<annotation><size><width>301</width><height>602</height><depth>3</depth></size><object><name>Coca Cola</name><bndbox><xmin>118</xmin><ymin>101</ymin><xmax>146</xmax><ymax>226</ymax></bndbox></object><object><name>Coca Cola</name><bndbox><xmin>146</xmin><ymin>104</ymin><xmax>191</xmax><ymax>237</ymax></bndbox></object><object><name>Coca Cola</name><bndbox><xmin>191</xmin><ymin>103</ymin><xmax>226</xmax><ymax>226</ymax></bndbox></object><object><name>Coca Cola</name><bndbox><xmin>224</xmin><ymin>105</ymin><xmax>258</xmax><ymax>227</ymax></bndbox></object><object><name>Coca Cola</name><bndbox><xmin>255</xmin><ymin>100</ymin><xmax>296</xmax><ymax>229</ymax></bndbox></object><object><name>Coca Cola</name><bndbox><xmin>174</xmin><ymin>250</ymin><xmax>208</xmax><ymax>316</ymax></bndbox></object><object><name>Coca Cola</name><bndbox><xmin>202</xmin><ymin>245</ymin><xmax>232</xmax><ymax>321</ymax></bndbox></object><object><name>Coca Cola</name><bndbox><xmin>230</xmin><ymin>246</ymin><xmax>262</xmax><ymax>314</ymax></bndbox></object><object><name>Coca Cola</name><bndbox><xmin>222</xmin><ymin>337</ymin><xmax>249</xmax><ymax>388</ymax></bndbox></object><object><name>Coca Cola</name><bndbox><xmin>228</xmin><ymin>397</ymin><xmax>261</xmax><ymax>448</ymax></bndbox></object><object><name>Coca Cola</name><bndbox><xmin>266</xmin><ymin>249</ymin><xmax>300</xmax><ymax>314</ymax></bndbox></object><object><name>Coca Cola</name><bndbox><xmin>137</xmin><ymin>341</ymin><xmax>165</xmax><ymax>400</ymax></bndbox></object></annotation>